date,title,week_number,weekday_number,month,year,time
2025-04-01 08:16:04 PM,2025-04-01 Title 01,14,2,4,2025,20:16:04
2025-04-01 08:16:04 PM,2025-04-01 Title 02,14,2,4,2025,20:16:04
2025-04-01 08:16:04 PM,2025-04-01 Title 03,14,2,4,2025,20:16:04
2025-04-01 08:16:04 PM,2025-04-01 Title 04,14,2,4,2025,20:16:04
2025-04-01 08:16:04 PM,2025-04-01 Title 05,14,2,4,2025,20:16:04
2025-04-01 08:16:04 PM,2025-04-01 Title 06,14,2,4,2025,20:16:04
2025-04-01 08:16:04 PM,2025-04-01 Title 07,14,2,4,2025,20:16:04
2025-04-02 10:44:49 PM,2025-04-02 Title 01,14,3,4,2025,22:44:49
2025-04-02 10:44:49 PM,2025-04-02 Title 02,14,3,4,2025,22:44:49
2025-04-02 10:44:49 PM,2025-04-02 Title 03,14,3,4,2025,22:44:49
2025-04-02 10:44:49 PM,2025-04-02 Title 04,14,3,4,2025,22:44:49
2025-04-02 10:44:49 PM,2025-04-02 Title 05,14,3,4,2025,22:44:49
2025-04-02 10:44:49 PM,2025-04-02 Title 06,14,3,4,2025,22:44:49
2025-04-02 10:44:49 PM,2025-04-02 Title 07,14,3,4,2025,22:44:49
2025-04-03 10:15:50 PM,2025-04-03 Title 01,14,4,4,2025,22:15:50
2025-04-03 10:15:50 PM,2025-04-03 Title 02,14,4,4,2025,22:15:50
2025-04-03 10:15:50 PM,2025-04-03 Title 03,14,4,4,2025,22:15:50
2025-04-03 10:15:50 PM,2025-04-03 Title 04,14,4,4,2025,22:15:50
2025-04-03 10:15:50 PM,2025-04-03 Title 05,14,4,4,2025,22:15:50
2025-04-03 10:15:50 PM,2025-04-03 Title 06,14,4,4,2025,22:15:50
2025-04-03 10:15:50 PM,2025-04-03 Title 07,14,4,4,2025,22:15:50
2025-04-03 10:15:50 PM,2025-04-03 Title 08,14,4,4,2025,22:15:50
2025-04-03 10:15:50 PM,2025-04-03 Title 09,14,4,4,2025,22:15:50
2025-04-04 10:28:56 PM,2025-04-04 Title 01,14,5,4,2025,22:28:56
2025-04-04 10:28:56 PM,2025-04-04 Title 02,14,5,4,2025,22:28:56
2025-04-04 10:28:56 PM,2025-04-04 Title 03,14,5,4,2025,22:28:56
2025-04-04 10:28:56 PM,2025-04-04 Title 04,14,5,4,2025,22:28:56
2025-04-04 10:28:56 PM,2025-04-04 Title 05,14,5,4,2025,22:28:56
2025-04-04 10:28:56 PM,2025-04-04 Title 06,14,5,4,2025,22:28:56
2025-04-04 10:28:56 PM,2025-04-04 Title 07,14,5,4,2025,22:28:56
2025-04-04 10:28:56 PM,2025-04-04 Title 08,14,5,4,2025,22:28:56
2025-04-05 08:15:20 PM,2025-04-05 Title 01,14,6,4,2025,20:15:20
2025-04-05 08:15:20 PM,2025-04-05 Title 02,14,6,4,2025,20:15:20
2025-04-05 08:15:20 PM,2025-04-05 Title 03,14,6,4,2025,20:15:20
2025-04-05 08:15:20 PM,2025-04-05 Title 04,14,6,4,2025,20:15:20
2025-04-05 08:15:20 PM,2025-04-05 Title 05,14,6,4,2025,20:15:20
2025-04-05 08:15:20 PM,2025-04-05 Title 06,14,6,4,2025,20:15:20
2025-04-05 08:15:20 PM,2025-04-05 Title 07,14,6,4,2025,20:15:20
2025-04-05 08:15:20 PM,2025-04-05 Title 08,14,6,4,2025,20:15:20
2025-04-06 08:30:22 PM,2025-04-06 Title 01,14,7,4,2025,20:30:22
2025-04-06 08:30:22 PM,2025-04-06 Title 02,14,7,4,2025,20:30:22
2025-04-06 08:30:22 PM,2025-04-06 Title 03,14,7,4,2025,20:30:22
2025-04-06 08:30:22 PM,2025-04-06 Title 04,14,7,4,2025,20:30:22
2025-04-06 08:30:22 PM,2025-04-06 Title 05,14,7,4,2025,20:30:22
2025-04-06 08:30:22 PM,2025-04-06 Title 06,14,7,4,2025,20:30:22
2025-04-06 08:30:22 PM,2025-04-06 Title 07,14,7,4,2025,20:30:22
2025-04-06 08:30:22 PM,2025-04-06 Title 08,14,7,4,2025,20:30:22
2025-04-06 08:30:22 PM,2025-04-06 Title 09,14,7,4,2025,20:30:22
2025-04-07 09:28:27 PM,2025-04-07 Title 01,15,1,4,2025,21:28:27
2025-04-07 09:28:27 PM,2025-04-07 Title 02,15,1,4,2025,21:28:27
2025-04-07 09:28:27 PM,2025-04-07 Title 03,15,1,4,2025,21:28:27
2025-04-07 09:28:27 PM,2025-04-07 Title 04,15,1,4,2025,21:28:27
2025-04-07 09:28:27 PM,2025-04-07 Title 05,15,1,4,2025,21:28:27
2025-04-07 09:28:27 PM,2025-04-07 Title 06,15,1,4,2025,21:28:27
2025-04-08 10:41:24 PM,2025-04-08 Title 01,15,2,4,2025,22:41:24
2025-04-08 10:41:24 PM,2025-04-08 Title 02,15,2,4,2025,22:41:24
2025-04-08 10:41:24 PM,2025-04-08 Title 03,15,2,4,2025,22:41:24
2025-04-08 10:41:24 PM,2025-04-08 Title 04,15,2,4,2025,22:41:24
2025-04-08 10:41:24 PM,2025-04-08 Title 05,15,2,4,2025,22:41:24
2025-04-08 10:41:24 PM,2025-04-08 Title 06,15,2,4,2025,22:41:24
2025-04-08 10:41:24 PM,2025-04-08 Title 07,15,2,4,2025,22:41:24
2025-04-08 10:41:24 PM,2025-04-08 Title 08,15,2,4,2025,22:41:24
2025-04-09 08:31:34 PM,2025-04-09 Title 01,15,3,4,2025,20:31:34
2025-04-09 08:31:34 PM,2025-04-09 Title 02,15,3,4,2025,20:31:34
2025-04-09 08:31:34 PM,2025-04-09 Title 03,15,3,4,2025,20:31:34
2025-04-09 08:31:34 PM,2025-04-09 Title 04,15,3,4,2025,20:31:34
2025-04-09 08:31:34 PM,2025-04-09 Title 05,15,3,4,2025,20:31:34
2025-04-09 08:31:34 PM,2025-04-09 Title 06,15,3,4,2025,20:31:34
2025-04-10 09:59:44 PM,2025-04-10 Title 01,15,4,4,2025,21:59:44
2025-04-10 09:59:44 PM,2025-04-10 Title 02,15,4,4,2025,21:59:44
2025-04-10 09:59:44 PM,2025-04-10 Title 03,15,4,4,2025,21:59:44
2025-04-10 09:59:44 PM,2025-04-10 Title 04,15,4,4,2025,21:59:44
2025-04-10 09:59:44 PM,2025-04-10 Title 05,15,4,4,2025,21:59:44
2025-04-10 09:59:44 PM,2025-04-10 Title 06,15,4,4,2025,21:59:44
2025-04-10 09:59:44 PM,2025-04-10 Title 07,15,4,4,2025,21:59:44
2025-04-10 09:59:44 PM,2025-04-10 Title 08,15,4,4,2025,21:59:44
2025-04-10 09:59:44 PM,2025-04-10 Title 09,15,4,4,2025,21:59:44
2025-04-10 09:59:44 PM,2025-04-10 Title 10,15,4,4,2025,21:59:44
2025-04-11 10:51:23 PM,2025-04-11 Title 01,15,5,4,2025,22:51:23
2025-04-11 10:51:23 PM,2025-04-11 Title 02,15,5,4,2025,22:51:23
2025-04-11 10:51:23 PM,2025-04-11 Title 03,15,5,4,2025,22:51:23
2025-04-11 10:51:23 PM,2025-04-11 Title 04,15,5,4,2025,22:51:23
2025-04-11 10:51:23 PM,2025-04-11 Title 05,15,5,4,2025,22:51:23
2025-04-11 10:51:23 PM,2025-04-11 Title 06,15,5,4,2025,22:51:23
2025-04-11 10:51:23 PM,2025-04-11 Title 07,15,5,4,2025,22:51:23
2025-04-12 11:20:05 PM,2025-04-12 Title 01,15,6,4,2025,23:20:05
2025-04-12 11:20:05 PM,2025-04-12 Title 02,15,6,4,2025,23:20:05
2025-04-12 11:20:05 PM,2025-04-12 Title 03,15,6,4,2025,23:20:05
2025-04-12 11:20:05 PM,2025-04-12 Title 04,15,6,4,2025,23:20:05
2025-04-12 11:20:05 PM,2025-04-12 Title 05,15,6,4,2025,23:20:05
2025-04-12 11:20:05 PM,2025-04-12 Title 06,15,6,4,2025,23:20:05
2025-04-12 11:20:05 PM,2025-04-12 Title 07,15,6,4,2025,23:20:05
2025-04-12 11:20:05 PM,2025-04-12 Title 08,15,6,4,2025,23:20:05
2025-04-12 11:20:05 PM,2025-04-12 Title 09,15,6,4,2025,23:20:05
2025-04-12 11:20:05 PM,2025-04-12 Title 10,15,6,4,2025,23:20:05
2025-04-13 08:18:56 PM,2025-04-13 Title 01,15,7,4,2025,20:18:56
2025-04-13 08:18:56 PM,2025-04-13 Title 02,15,7,4,2025,20:18:56
2025-04-13 08:18:56 PM,2025-04-13 Title 03,15,7,4,2025,20:18:56
2025-04-13 08:18:56 PM,2025-04-13 Title 04,15,7,4,2025,20:18:56
2025-04-13 08:18:56 PM,2025-04-13 Title 05,15,7,4,2025,20:18:56
2025-04-13 08:18:56 PM,2025-04-13 Title 06,15,7,4,2025,20:18:56
2025-04-13 08:18:56 PM,2025-04-13 Title 07,15,7,4,2025,20:18:56
2025-04-13 08:18:56 PM,2025-04-13 Title 08,15,7,4,2025,20:18:56
2025-04-14 11:08:43 PM,2025-04-14 Title 01,16,1,4,2025,23:08:43
2025-04-14 11:08:43 PM,2025-04-14 Title 02,16,1,4,2025,23:08:43
2025-04-14 11:08:43 PM,2025-04-14 Title 03,16,1,4,2025,23:08:43
2025-04-14 11:08:43 PM,2025-04-14 Title 04,16,1,4,2025,23:08:43
2025-04-14 11:08:43 PM,2025-04-14 Title 05,16,1,4,2025,23:08:43
2025-04-14 11:08:43 PM,2025-04-14 Title 06,16,1,4,2025,23:08:43
2025-04-14 11:08:43 PM,2025-04-14 Title 07,16,1,4,2025,23:08:43
2025-04-14 11:08:43 PM,2025-04-14 Title 08,16,1,4,2025,23:08:43
2025-04-15 09:09:17 PM,2025-04-15 Title 01,16,2,4,2025,21:09:17
2025-04-15 09:09:17 PM,2025-04-15 Title 02,16,2,4,2025,21:09:17
2025-04-15 09:09:17 PM,2025-04-15 Title 03,16,2,4,2025,21:09:17
2025-04-15 09:09:17 PM,2025-04-15 Title 04,16,2,4,2025,21:09:17
2025-04-15 09:09:17 PM,2025-04-15 Title 05,16,2,4,2025,21:09:17
2025-04-15 09:09:17 PM,2025-04-15 Title 06,16,2,4,2025,21:09:17
2025-04-15 09:09:17 PM,2025-04-15 Title 07,16,2,4,2025,21:09:17
2025-04-15 09:09:17 PM,2025-04-15 Title 08,16,2,4,2025,21:09:17
2025-04-15 09:09:17 PM,2025-04-15 Title 09,16,2,4,2025,21:09:17
2025-04-15 09:09:17 PM,2025-04-15 Title 10,16,2,4,2025,21:09:17
2025-04-16 08:48:18 PM,2025-04-16 Title 01,16,3,4,2025,20:48:18
2025-04-16 08:48:18 PM,2025-04-16 Title 02,16,3,4,2025,20:48:18
2025-04-16 08:48:18 PM,2025-04-16 Title 03,16,3,4,2025,20:48:18
2025-04-16 08:48:18 PM,2025-04-16 Title 04,16,3,4,2025,20:48:18
2025-04-16 08:48:18 PM,2025-04-16 Title 05,16,3,4,2025,20:48:18
2025-04-16 08:48:18 PM,2025-04-16 Title 06,16,3,4,2025,20:48:18
2025-04-16 08:48:18 PM,2025-04-16 Title 07,16,3,4,2025,20:48:18
2025-04-17 11:35:02 PM,2025-04-17 Title 01,16,4,4,2025,23:35:02
2025-04-17 11:35:02 PM,2025-04-17 Title 02,16,4,4,2025,23:35:02
2025-04-17 11:35:02 PM,2025-04-17 Title 03,16,4,4,2025,23:35:02
2025-04-17 11:35:02 PM,2025-04-17 Title 04,16,4,4,2025,23:35:02
2025-04-17 11:35:02 PM,2025-04-17 Title 05,16,4,4,2025,23:35:02
2025-04-17 11:35:02 PM,2025-04-17 Title 06,16,4,4,2025,23:35:02
2025-04-18 08:42:54 PM,2025-04-18 Title 01,16,5,4,2025,20:42:54
2025-04-18 08:42:54 PM,2025-04-18 Title 02,16,5,4,2025,20:42:54
2025-04-18 08:42:54 PM,2025-04-18 Title 03,16,5,4,2025,20:42:54
2025-04-18 08:42:54 PM,2025-04-18 Title 04,16,5,4,2025,20:42:54
2025-04-18 08:42:54 PM,2025-04-18 Title 05,16,5,4,2025,20:42:54
2025-04-18 08:42:54 PM,2025-04-18 Title 06,16,5,4,2025,20:42:54
2025-04-18 08:42:54 PM,2025-04-18 Title 07,16,5,4,2025,20:42:54
2025-04-18 08:42:54 PM,2025-04-18 Title 08,16,5,4,2025,20:42:54
2025-04-19 09:29:39 PM,2025-04-19 Title 01,16,6,4,2025,21:29:39
2025-04-19 09:29:39 PM,2025-04-19 Title 02,16,6,4,2025,21:29:39
2025-04-19 09:29:39 PM,2025-04-19 Title 03,16,6,4,2025,21:29:39
2025-04-19 09:29:39 PM,2025-04-19 Title 04,16,6,4,2025,21:29:39
2025-04-19 09:29:39 PM,2025-04-19 Title 05,16,6,4,2025,21:29:39
2025-04-20 09:42:28 PM,2025-04-20 Title 01,16,7,4,2025,21:42:28
2025-04-20 09:42:28 PM,2025-04-20 Title 02,16,7,4,2025,21:42:28
2025-04-20 09:42:28 PM,2025-04-20 Title 03,16,7,4,2025,21:42:28
2025-04-20 09:42:28 PM,2025-04-20 Title 04,16,7,4,2025,21:42:28
2025-04-20 09:42:28 PM,2025-04-20 Title 05,16,7,4,2025,21:42:28
2025-04-20 09:42:28 PM,2025-04-20 Title 06,16,7,4,2025,21:42:28
2025-04-20 09:42:28 PM,2025-04-20 Title 07,16,7,4,2025,21:42:28
2025-04-20 09:42:28 PM,2025-04-20 Title 08,16,7,4,2025,21:42:28
2025-04-20 09:42:28 PM,2025-04-20 Title 09,16,7,4,2025,21:42:28
2025-04-21 08:20:31 PM,2025-04-21 Title 01,17,1,4,2025,20:20:31
2025-04-21 08:20:31 PM,2025-04-21 Title 02,17,1,4,2025,20:20:31
2025-04-21 08:20:31 PM,2025-04-21 Title 03,17,1,4,2025,20:20:31
2025-04-21 08:20:31 PM,2025-04-21 Title 04,17,1,4,2025,20:20:31
2025-04-21 08:20:31 PM,2025-04-21 Title 05,17,1,4,2025,20:20:31
2025-04-21 08:20:31 PM,2025-04-21 Title 06,17,1,4,2025,20:20:31
2025-04-22 08:37:49 PM,2025-04-22 Title 01,17,2,4,2025,20:37:49
2025-04-22 08:37:49 PM,2025-04-22 Title 02,17,2,4,2025,20:37:49
2025-04-22 08:37:49 PM,2025-04-22 Title 03,17,2,4,2025,20:37:49
2025-04-22 08:37:49 PM,2025-04-22 Title 04,17,2,4,2025,20:37:49
2025-04-22 08:37:49 PM,2025-04-22 Title 05,17,2,4,2025,20:37:49
2025-04-22 08:37:49 PM,2025-04-22 Title 06,17,2,4,2025,20:37:49
2025-04-23 08:35:05 PM,2025-04-23 Title 01,17,3,4,2025,20:35:05
2025-04-23 08:35:05 PM,2025-04-23 Title 02,17,3,4,2025,20:35:05
2025-04-23 08:35:05 PM,2025-04-23 Title 03,17,3,4,2025,20:35:05
2025-04-23 08:35:05 PM,2025-04-23 Title 04,17,3,4,2025,20:35:05
2025-04-23 08:35:05 PM,2025-04-23 Title 05,17,3,4,2025,20:35:05
2025-04-23 08:35:05 PM,2025-04-23 Title 06,17,3,4,2025,20:35:05
2025-04-23 08:35:05 PM,2025-04-23 Title 07,17,3,4,2025,20:35:05
2025-04-23 08:35:05 PM,2025-04-23 Title 08,17,3,4,2025,20:35:05
2025-04-23 08:35:05 PM,2025-04-23 Title 09,17,3,4,2025,20:35:05
2025-04-24 10:43:05 PM,2025-04-24 Title 01,17,4,4,2025,22:43:05
2025-04-24 10:43:05 PM,2025-04-24 Title 02,17,4,4,2025,22:43:05
2025-04-24 10:43:05 PM,2025-04-24 Title 03,17,4,4,2025,22:43:05
2025-04-24 10:43:05 PM,2025-04-24 Title 04,17,4,4,2025,22:43:05
2025-04-24 10:43:05 PM,2025-04-24 Title 05,17,4,4,2025,22:43:05
2025-04-24 10:43:05 PM,2025-04-24 Title 06,17,4,4,2025,22:43:05
2025-04-24 10:43:05 PM,2025-04-24 Title 07,17,4,4,2025,22:43:05
2025-04-24 10:43:05 PM,2025-04-24 Title 08,17,4,4,2025,22:43:05
2025-04-25 09:10:25 PM,2025-04-25 Title 01,17,5,4,2025,21:10:25
2025-04-25 09:10:25 PM,2025-04-25 Title 02,17,5,4,2025,21:10:25
2025-04-25 09:10:25 PM,2025-04-25 Title 03,17,5,4,2025,21:10:25
2025-04-25 09:10:25 PM,2025-04-25 Title 04,17,5,4,2025,21:10:25
2025-04-25 09:10:25 PM,2025-04-25 Title 05,17,5,4,2025,21:10:25
2025-04-25 09:10:25 PM,2025-04-25 Title 06,17,5,4,2025,21:10:25
2025-04-25 09:10:25 PM,2025-04-25 Title 07,17,5,4,2025,21:10:25
2025-04-26 09:28:31 PM,2025-04-26 Title 01,17,6,4,2025,21:28:31
2025-04-26 09:28:31 PM,2025-04-26 Title 02,17,6,4,2025,21:28:31
2025-04-26 09:28:31 PM,2025-04-26 Title 03,17,6,4,2025,21:28:31
2025-04-26 09:28:31 PM,2025-04-26 Title 04,17,6,4,2025,21:28:31
2025-04-26 09:28:31 PM,2025-04-26 Title 05,17,6,4,2025,21:28:31
2025-04-27 10:42:43 PM,2025-04-27 Title 01,17,7,4,2025,22:42:43
2025-04-27 10:42:43 PM,2025-04-27 Title 02,17,7,4,2025,22:42:43
2025-04-27 10:42:43 PM,2025-04-27 Title 03,17,7,4,2025,22:42:43
2025-04-27 10:42:43 PM,2025-04-27 Title 04,17,7,4,2025,22:42:43
2025-04-27 10:42:43 PM,2025-04-27 Title 05,17,7,4,2025,22:42:43
2025-04-27 10:42:43 PM,2025-04-27 Title 06,17,7,4,2025,22:42:43
2025-04-27 10:42:43 PM,2025-04-27 Title 07,17,7,4,2025,22:42:43
2025-04-27 10:42:43 PM,2025-04-27 Title 08,17,7,4,2025,22:42:43
2025-04-27 10:42:43 PM,2025-04-27 Title 09,17,7,4,2025,22:42:43
2025-04-27 10:42:43 PM,2025-04-27 Title 10,17,7,4,2025,22:42:43
2025-04-28 08:02:29 PM,2025-04-28 Title 01,18,1,4,2025,20:02:29
2025-04-28 08:02:29 PM,2025-04-28 Title 02,18,1,4,2025,20:02:29
2025-04-28 08:02:29 PM,2025-04-28 Title 03,18,1,4,2025,20:02:29
2025-04-28 08:02:29 PM,2025-04-28 Title 04,18,1,4,2025,20:02:29
2025-04-28 08:02:29 PM,2025-04-28 Title 05,18,1,4,2025,20:02:29
2025-04-29 10:45:54 PM,2025-04-29 Title 01,18,2,4,2025,22:45:54
2025-04-29 10:45:54 PM,2025-04-29 Title 02,18,2,4,2025,22:45:54
2025-04-29 10:45:54 PM,2025-04-29 Title 03,18,2,4,2025,22:45:54
2025-04-29 10:45:54 PM,2025-04-29 Title 04,18,2,4,2025,22:45:54
2025-04-29 10:45:54 PM,2025-04-29 Title 05,18,2,4,2025,22:45:54
2025-04-29 10:45:54 PM,2025-04-29 Title 06,18,2,4,2025,22:45:54
2025-04-29 10:45:54 PM,2025-04-29 Title 07,18,2,4,2025,22:45:54
2025-04-29 10:45:54 PM,2025-04-29 Title 08,18,2,4,2025,22:45:54
2025-04-29 10:45:54 PM,2025-04-29 Title 09,18,2,4,2025,22:45:54
2025-04-29 10:45:54 PM,2025-04-29 Title 10,18,2,4,2025,22:45:54
2025-04-30 10:55:36 PM,2025-04-30 Title 01,18,3,4,2025,22:55:36
2025-04-30 10:55:36 PM,2025-04-30 Title 02,18,3,4,2025,22:55:36
2025-04-30 10:55:36 PM,2025-04-30 Title 03,18,3,4,2025,22:55:36
2025-04-30 10:55:36 PM,2025-04-30 Title 04,18,3,4,2025,22:55:36
2025-04-30 10:55:36 PM,2025-04-30 Title 05,18,3,4,2025,22:55:36
2025-04-30 10:55:36 PM,2025-04-30 Title 06,18,3,4,2025,22:55:36
